subject,region_name,regio_type,region_code,lon,lat
Amsterdam,Amsterdam,Gemeente,GM0363,4.87956802018358,52.38099994141871
Burgwallen-Oude Zijde,Amsterdam,Wijk,WK036300,4.8969427210672904,52.3725658613947
Kop Zeedijk,Amsterdam,Buurt,BU03630000,4.90027987394242,52.3759366048192
Oude Kerk e.o.,Amsterdam,Buurt,BU03630001,4.89615555420633,52.3737930709435
Burgwallen Oost,Amsterdam,Buurt,BU03630002,4.8987574379735,52.372815323859996
Nes e.o.,Amsterdam,Buurt,BU03630003,4.8937278185493,52.370860721591605
BG-terrein e.o.,Amsterdam,Buurt,BU03630004,4.89558364151976,52.3695459824432
Burgwallen-Nieuwe Zijde,Amsterdam,Wijk,WK036301,4.89551769883911,52.3757030174856
Stationsplein e.o.,Amsterdam,Buurt,BU03630100,4.9007236255048605,52.3796576630073
Hemelrijk,Amsterdam,Buurt,BU03630101,4.89492125593428,52.378147704919904
Nieuwendijk Noord,Amsterdam,Buurt,BU03630102,4.896945251329231,52.3769903597952
Spuistraat Noord,Amsterdam,Buurt,BU03630103,4.89119026138058,52.37513638421329
Nieuwe Kerk e.o.,Amsterdam,Buurt,BU03630104,4.89321209861715,52.3745022431676
Spuistraat Zuid,Amsterdam,Buurt,BU03630105,4.8892176988942495,52.3709961450619
Begijnhofbuurt,Amsterdam,Buurt,BU03630106,4.89128412546362,52.370703622803106
Kalverdriehoek,Amsterdam,Buurt,BU03630107,4.89131505226198,52.3679169428571
Grachtengordel-West,Amsterdam,Wijk,WK036302,4.8868360993224,52.3737092298168
Langestraat e.o.,Amsterdam,Buurt,BU03630200,4.88998548498602,52.378367755095994
Leliegracht e.o.,Amsterdam,Buurt,BU03630201,4.88707587732116,52.3755207604852
Felix Meritisbuurt,Amsterdam,Buurt,BU03630202,4.88549345647475,52.3713292075095
Leidsegracht Noord,Amsterdam,Buurt,BU03630203,4.884551666622531,52.3678510079562
Grachtengordel-Zuid,Amsterdam,Wijk,WK036303,4.89334883025967,52.3648205855338
Spiegelbuurt,Amsterdam,Buurt,BU03630300,4.887693788245911,52.364894641873995
Gouden Bocht,Amsterdam,Buurt,BU03630301,4.89112586151354,52.36534557893601
Van Loonbuurt,Amsterdam,Buurt,BU03630302,4.8930694875437,52.3635797876893
Amstelveldbuurt,Amsterdam,Buurt,BU03630303,4.89900864914828,52.363676562500494
Rembrandtpleinbuurt,Amsterdam,Buurt,BU03630304,4.8979807689582096,52.366218823963095
Reguliersbuurt,Amsterdam,Buurt,BU03630305,4.89319970071188,52.3666114827549
Leidsegracht Zuid,Amsterdam,Buurt,BU03630306,4.88628319226087,52.3667477287224
Nieuwmarkt/Lastage,Amsterdam,Wijk,WK036304,4.90564146415901,52.3724358397468
Oosterdokseiland,Amsterdam,Buurt,BU03630400,4.9079184967871505,52.3772350494131
Scheepvaarthuisbuurt,Amsterdam,Buurt,BU03630401,4.9059606330012,52.374083744608406
Rapenburg,Amsterdam,Buurt,BU03630402,4.910696023154871,52.3724745200451
Lastage,Amsterdam,Buurt,BU03630403,4.90323037044317,52.373849005406
Nieuwmarkt,Amsterdam,Buurt,BU03630404,4.9019090855002405,52.371624262616606
Uilenburg,Amsterdam,Buurt,BU03630405,4.90512419710638,52.3701988333001
Valkenburg,Amsterdam,Buurt,BU03630406,4.9077032805946,52.3689789883294
Zuiderkerkbuurt,Amsterdam,Buurt,BU03630407,4.89860931265288,52.36936109828779
Waterloopleinbuurt,Amsterdam,Buurt,BU03630408,4.90238407589378,52.367583113021404
Haarlemmerbuurt,Amsterdam,Wijk,WK036305,4.89058182526372,52.3841706853315
Westerdokseiland,Amsterdam,Buurt,BU03630500,4.89402684036006,52.3843751364019
Haarlemmerbuurt Oost,Amsterdam,Buurt,BU03630501,4.89191382140222,52.380422770077
Haarlemmerbuurt West,Amsterdam,Buurt,BU03630502,4.88631189221759,52.3830218292126
Westelijke eilanden,Amsterdam,Buurt,BU03630503,4.88818431901762,52.385844585868504
Planciusbuurt Noord,Amsterdam,Buurt,BU03630505,4.884397048663639,52.38705608574121
Planciusbuurt Zuid,Amsterdam,Buurt,BU03630506,4.88284370490944,52.384955041097896
Jordaan,Amsterdam,Wijk,WK036306,4.88078627002041,52.3748051692204
Driehoekbuurt,Amsterdam,Buurt,BU03630600,4.8837828339029805,52.3813013355307
Bloemgrachtbuurt,Amsterdam,Buurt,BU03630602,4.8802672229595,52.37452722264379
Marnixbuurt Noord,Amsterdam,Buurt,BU03630603,4.8805289146452004,52.38113364344171
Zaagpoortbuurt,Amsterdam,Buurt,BU03630604,4.87754520808767,52.3761033051385
Marnixbuurt Midden,Amsterdam,Buurt,BU03630605,4.875761926900849,52.37299042614001
Elandsgrachtbuurt,Amsterdam,Buurt,BU03630606,4.8800787072534195,52.370959037710506
Passeerdersgrachtbuurt,Amsterdam,Buurt,BU03630607,4.881199036819781,52.367186829014905
Groenmarktkadebuurt,Amsterdam,Buurt,BU03630608,4.876298888939139,52.3703511040458
Marnixbuurt Zuid,Amsterdam,Buurt,BU03630609,4.878754609120421,52.366916848765605
Anjeliersbuurt Noord,Amsterdam,Buurt,BU03630610,4.8836907561136,52.3792638016661
Anjeliersbuurt Zuid,Amsterdam,Buurt,BU03630611,4.88214463880881,52.377158762974396
De Weteringschans,Amsterdam,Wijk,WK036307,4.89242671582867,52.3611704386558
Leidsebuurt Noordwest,Amsterdam,Buurt,BU03630700,4.882623983384179,52.3651924417776
Leidsebuurt Zuidwest,Amsterdam,Buurt,BU03630701,4.88090255790429,52.3643447595292
Leidsebuurt Noordoost,Amsterdam,Buurt,BU03630702,4.88528590977294,52.3633558268658
Leidsebuurt Zuidoost,Amsterdam,Buurt,BU03630703,4.88384283412654,52.362373687233294
Weteringbuurt,Amsterdam,Buurt,BU03630704,4.89177534978027,52.3611378380406
Den Texbuurt,Amsterdam,Buurt,BU03630705,4.89171717666103,52.3593918734176
Utrechtsebuurt Zuid,Amsterdam,Buurt,BU03630706,4.89955014220487,52.3615586846474
Frederikspleinbuurt,Amsterdam,Buurt,BU03630707,4.9002140554915705,52.3596643388534
Weesperbuurt/Plantage,Amsterdam,Wijk,WK036308,4.9111034933872,52.3644990063675
Weesperbuurt,Amsterdam,Buurt,BU03630800,4.90666543958066,52.364251219904006
Sarphatistrook,Amsterdam,Buurt,BU03630801,4.91005353952743,52.3617812157332
Plantage,Amsterdam,Buurt,BU03630803,4.91394490085596,52.366362551676204
Alexanderplein e.o.,Amsterdam,Buurt,BU03630804,4.91929534448222,52.36348713360121
Oostelijke Eilanden/Kadijken,Amsterdam,Wijk,WK036309,4.92195386947019,52.3708610260608
Marine-Etablissement,Amsterdam,Buurt,BU03630900,4.9159125843646505,52.3744059562185
Kattenburg,Amsterdam,Buurt,BU03630901,4.9199411782580995,52.372799202371795
Wittenburg,Amsterdam,Buurt,BU03630902,4.92237588359604,52.3717713848055
Oostenburg,Amsterdam,Buurt,BU03630903,4.92618007212372,52.3706372878303
Czaar Peterbuurt,Amsterdam,Buurt,BU03630904,4.92896348357322,52.3693393648106
Het Funen,Amsterdam,Buurt,BU03630905,4.93046524790999,52.3680294534739
Kazernebuurt,Amsterdam,Buurt,BU03630907,4.92384451465747,52.3655844274782
Kadijken,Amsterdam,Buurt,BU03630908,4.91784397785222,52.368430765253294
Westelijk Havengebied,Amsterdam,Wijk,WK036310,4.80035727293086,52.4097583352501
Coenhaven/Mercuriushaven,Amsterdam,Buurt,BU03631000,4.8672409163738095,52.4022898625268
Alfa-driehoek,Amsterdam,Buurt,BU03631001,4.85214273595705,52.397162485757505
Petroleumhaven,Amsterdam,Buurt,BU03631002,4.843606467220139,52.4120707058091
Westhaven Noord,Amsterdam,Buurt,BU03631003,4.81855890402466,52.40660273480639
Vervoerscentrum,Amsterdam,Buurt,BU03631004,4.841368265127071,52.400098065022
Amerikahaven,Amsterdam,Buurt,BU03631005,4.77970940666585,52.4136090310643
Afrikahaven,Amsterdam,Buurt,BU03631006,4.745072856519291,52.412311846301
Westhaven Zuid,Amsterdam,Buurt,BU03631007,4.82284028817837,52.3933438334297
Bedrijventerrein Sloterdijk,Amsterdam,Wijk,WK036311,4.79558348092493,52.3908740235083
Sloterdijk II,Amsterdam,Buurt,BU03631100,4.82976848493327,52.3915097180863
Sloterdijk III Oost,Amsterdam,Buurt,BU03631102,4.80604585935685,52.3914031584776
Sloterdijk III West,Amsterdam,Buurt,BU03631103,4.7866529215191695,52.394455265405
De Heining,Amsterdam,Buurt,BU03631104,4.764428162304969,52.393915395826504
Teleport,Amsterdam,Buurt,BU03631105,4.8366423780644805,52.3887725525509
Bretten Oost,Amsterdam,Buurt,BU03631107,4.81488835893553,52.3866638507382
Bretten West,Amsterdam,Buurt,BU03631109,4.78089576220372,52.386625495336105
Houthavens,Amsterdam,Wijk,WK036312,4.88429449326141,52.3937070287675
Houthavens West,Amsterdam,Buurt,BU03631200,4.88176111102391,52.3944857763471
Houthavens Oost,Amsterdam,Buurt,BU03631201,4.890899773245129,52.3916825897445
Spaarndammer- en Zeeheldenbuurt,Amsterdam,Wijk,WK036313,4.87219789843124,52.3896687378531
Zeeheldenbuurt,Amsterdam,Buurt,BU03631300,4.88796110959819,52.389331494763
Spaarndammerbuurt Noordoost,Amsterdam,Buurt,BU03631301,4.88191366986964,52.39005111888571
Spaarndammerbuurt Zuidoost,Amsterdam,Buurt,BU03631302,4.882207315627809,52.387836132861096
Spaarndammerbuurt Zuidwest,Amsterdam,Buurt,BU03631303,4.87815821506432,52.3889475015878
Spaarndammerbuurt Midden,Amsterdam,Buurt,BU03631304,4.875796867375691,52.39079849577129
Spaarndammerbuurt Noordwest,Amsterdam,Buurt,BU03631305,4.8722340514009295,52.3921073786095
Westergasfabriek,Amsterdam,Buurt,BU03631306,4.87360208324886,52.3866056341817
Overbraker Binnenpolder,Amsterdam,Buurt,BU03631307,4.86538711509352,52.3905807398719
Staatsliedenbuurt,Amsterdam,Wijk,WK036314,4.87406722981445,52.382340368597795
De Wittenbuurt Noord,Amsterdam,Buurt,BU03631400,4.87991887039736,52.383754984647204
De Wittenbuurt Zuid,Amsterdam,Buurt,BU03631401,4.87642239299429,52.38181666730289
Staatsliedenbuurt Noordoost,Amsterdam,Buurt,BU03631402,4.8774686695349105,52.384793166796705
Fannius Scholtenbuurt,Amsterdam,Buurt,BU03631403,4.873900939869849,52.383606321607104
Westerstaatsman,Amsterdam,Buurt,BU03631404,4.8706301415203095,52.3826646743843
Buyskade e.o.,Amsterdam,Buurt,BU03631405,4.87088340715009,52.3791080277283
Centrale Markt,Amsterdam,Wijk,WK036315,4.86595057017632,52.3802833918094
Ecowijk,Amsterdam,Buurt,BU03631500,4.86871598890588,52.383883325121296
Markthallen,Amsterdam,Buurt,BU03631501,4.8659012082165,52.379003406071796
Bedrijvencentrum Westerkwartier,Amsterdam,Buurt,BU03631502,4.8642981601647195,52.383816208021
Marcanti,Amsterdam,Buurt,BU03631503,4.86707864334061,52.3745597633644
Frederik Hendrikbuurt,Amsterdam,Wijk,WK036316,4.8738823738629,52.3765974113614
Frederik Hendrikbuurt Noord,Amsterdam,Buurt,BU03631600,4.87592850973679,52.3786962799771
Frederik Hendrikbuurt Zuidoost,Amsterdam,Buurt,BU03631601,4.87306749778859,52.3743992261882
Frederik Hendrikbuurt Zuidwest,Amsterdam,Buurt,BU03631602,4.86993438239903,52.3745677824975
Da Costabuurt,Amsterdam,Wijk,WK036317,4.87211971612566,52.3701312011395
Da Costabuurt Noord,Amsterdam,Buurt,BU03631700,4.87212034427065,52.37012711671121
Kinkerbuurt,Amsterdam,Wijk,WK036318,4.86580372602951,52.367713695986204
Bellamybuurt Noord,Amsterdam,Buurt,BU03631800,4.86630883012764,52.3693654056718
Bellamybuurt Zuid,Amsterdam,Buurt,BU03631801,4.86546815679617,52.36660377014611
Van Lennepbuurt,Amsterdam,Wijk,WK036319,4.86777551796126,52.36509309334021
Da Costabuurt Zuid,Amsterdam,Buurt,BU03631900,4.874269598336969,52.3668379415278
Borgerbuurt,Amsterdam,Buurt,BU03631901,4.86733038453279,52.3649409595924
Lootsbuurt,Amsterdam,Buurt,BU03631902,4.86079937842438,52.363276194502
Helmersbuurt,Amsterdam,Wijk,WK036320,4.87177156795153,52.3635019947515
Helmersbuurt Oost,Amsterdam,Buurt,BU03632000,4.8765097110469,52.3648238622996
WG-terrein,Amsterdam,Buurt,BU03632001,4.8709367944943605,52.3632085470771
Cremerbuurt Oost,Amsterdam,Buurt,BU03632002,4.86606082454205,52.3620713124714
Overtoomse Sluis,Amsterdam,Wijk,WK036321,4.860159860208509,52.359737313558995
Cremerbuurt West,Amsterdam,Buurt,BU03632100,4.86038471521216,52.3604923936895
Vondelparkbuurt West,Amsterdam,Buurt,BU03632101,4.85970609724057,52.3582205173633
Vondelbuurt,Amsterdam,Wijk,WK036322,4.87448373914128,52.36158206458121
Vondelparkbuurt Oost,Amsterdam,Buurt,BU03632200,4.87783338286384,52.362254239706495
Vondelparkbuurt Midden,Amsterdam,Buurt,BU03632201,4.86962825362577,52.3606202505863
Zuidas,Amsterdam,Wijk,WK036323,4.87387499654628,52.3381878044662
Zuidas Noord,Amsterdam,Buurt,BU03632300,4.86996433249067,52.33997895781421
RAI,Amsterdam,Buurt,BU03632301,4.88864969473208,52.340585877289
VU-kwartier,Amsterdam,Buurt,BU03632302,4.86346481931944,52.334877749902894
Zuidas Zuid,Amsterdam,Buurt,BU03632303,4.8731745779933,52.33657709268311
Vivaldi,Amsterdam,Buurt,BU03632304,4.883266980825059,52.3364886270303
Oude Pijp,Amsterdam,Wijk,WK036324,4.89464612825605,52.356053777768295
Hemonybuurt,Amsterdam,Buurt,BU03632400,4.90264616732658,52.3570885823998
Gerard Doubuurt,Amsterdam,Buurt,BU03632401,4.89371809014859,52.3571435040732
Frans Halsbuurt,Amsterdam,Buurt,BU03632402,4.88848788986938,52.357318134563506
Hercules Seghersbuurt,Amsterdam,Buurt,BU03632403,4.8886275821457,52.3537960104401
Sarphatiparkbuurt,Amsterdam,Buurt,BU03632404,4.895683645565571,52.3550747747921
Nieuwe Pijp,Amsterdam,Wijk,WK036325,4.8960203177585395,52.351907143479096
Willibrordusbuurt,Amsterdam,Buurt,BU03632500,4.90472892705646,52.3541467218293
Van der Helstpleinbuurt,Amsterdam,Buurt,BU03632501,4.89885153440241,52.35288150088329
Lizzy Ansinghbuurt,Amsterdam,Buurt,BU03632502,4.89316591030098,52.350546160557606
Cornelis Troostbuurt,Amsterdam,Buurt,BU03632503,4.88901074604267,52.350403029327005
Zuid Pijp,Amsterdam,Wijk,WK036326,4.902445331778809,52.3505193253654
Diamantbuurt,Amsterdam,Buurt,BU03632600,4.90683942580399,52.351120757993094
Burgemeester Tellegenbuurt Oost,Amsterdam,Buurt,BU03632601,4.90109107954285,52.3503796864168
Burgemeester Tellegenbuurt West,Amsterdam,Buurt,BU03632602,4.8968714482857,52.3497028159619
Weesperzijde,Amsterdam,Wijk,WK036327,4.9105647574461395,52.3543307058754
Swammerdambuurt,Amsterdam,Buurt,BU03632700,4.90766986589857,52.357818554812795
Weesperzijde Midden/Zuid,Amsterdam,Buurt,BU03632701,4.91139407710285,52.352393960205404
Parooldriehoek,Amsterdam,Buurt,BU03632702,4.91362534856298,52.3538544446156
Oosterparkbuurt,Amsterdam,Wijk,WK036328,4.91767586408409,52.3589907045373
Oosterparkbuurt Noordwest,Amsterdam,Buurt,BU03632800,4.91289431889238,52.359141786619396
Oosterpark,Amsterdam,Buurt,BU03632801,4.92017472566738,52.3608786093285
Oosterparkbuurt Zuidoost,Amsterdam,Buurt,BU03632802,4.922070824829441,52.3578802647461
Oosterparkbuurt Zuidwest,Amsterdam,Buurt,BU03632803,4.9154581500243095,52.356197596659406
Dapperbuurt,Amsterdam,Wijk,WK036329,4.92903634347289,52.3611523473738
Dapperbuurt Noord,Amsterdam,Buurt,BU03632900,4.92744515571753,52.3644184980836
Dapperbuurt Zuid,Amsterdam,Buurt,BU03632901,4.927865959478081,52.360920081935994
Oostpoort,Amsterdam,Buurt,BU03632902,4.9313910155341905,52.358328037441304
Transvaalbuurt,Amsterdam,Wijk,WK036330,4.92085241581416,52.3540582709649
Transvaalbuurt West,Amsterdam,Buurt,BU03633000,4.917701918923201,52.35278782773501
Transvaalbuurt Oost,Amsterdam,Buurt,BU03633001,4.9236923171467595,52.3551998241768
Indische Buurt West,Amsterdam,Wijk,WK036331,4.936054933063451,52.362562223256795
Noordwestkwadrant Indische buurt Noord,Amsterdam,Buurt,BU03633100,4.935453411874669,52.3651050694202
Noordwestkwadrant Indische buurt Zuid,Amsterdam,Buurt,BU03633101,4.93561138649818,52.362491150329504
Zuidwestkwadrant Indische buurt,Amsterdam,Buurt,BU03633102,4.93713018554273,52.359815027213
Indische Buurt Oost,Amsterdam,Wijk,WK036332,4.94980416242105,52.362408488293
Noordoostkwadrant Indische buurt,Amsterdam,Buurt,BU03633200,4.9433194793336,52.364420803400705
Zuidoostkwadrant Indische buurt,Amsterdam,Buurt,BU03633201,4.942913797256,52.360368649280204
Zeeburgerdijk Oost,Amsterdam,Buurt,BU03633202,4.95261879438952,52.366444874109796
Flevopark,Amsterdam,Buurt,BU03633203,4.95287981734765,52.3614066002745
Oostelijk Havengebied,Amsterdam,Wijk,WK036333,4.93936670232522,52.3755886612565
Oostelijke Handelskade,Amsterdam,Buurt,BU03633300,4.91996171149707,52.3770720906969
Rietlanden,Amsterdam,Buurt,BU03633301,4.93387234638284,52.37390243075949
Java-eiland,Amsterdam,Buurt,BU03633302,4.92845109814682,52.379341045207006
KNSM-eiland,Amsterdam,Buurt,BU03633303,4.94714227414676,52.379279366370895
Sporenburg,Amsterdam,Buurt,BU03633304,4.94712182485724,52.3742151250124
Borneo,Amsterdam,Buurt,BU03633305,4.94618735988289,52.37153133742311
Entrepot-Noordwest,Amsterdam,Buurt,BU03633306,4.93535453521191,52.3695079273092
Architectenbuurt,Amsterdam,Buurt,BU03633307,4.94245711814138,52.3687004031183
Bedrijvengebied Veelaan,Amsterdam,Buurt,BU03633308,4.93681668930761,52.36790276054279
Bedrijvengebied Cruquiusweg,Amsterdam,Buurt,BU03633309,4.951871876914709,52.3695661044265
Bedrijvengebied Zeeburgerkade,Amsterdam,Buurt,BU03633310,4.9417270110673,52.3669838309326
Zeeburgereiland/Nieuwe Diep,Amsterdam,Wijk,WK036334,4.9737780443182,52.361604030501795
Zeeburgereiland Noordwest,Amsterdam,Buurt,BU03633400,4.95942610357855,52.3761666091636
Zeeburgereiland Zuidoost,Amsterdam,Buurt,BU03633402,4.96816748690597,52.368094521753996
Zeeburgereiland Zuidwest,Amsterdam,Buurt,BU03633403,4.95921130592104,52.36966725759051
Nieuwe Diep/Diemerpark,Amsterdam,Buurt,BU03633404,4.982293700645321,52.3531638419005
RI Oost terrein,Amsterdam,Buurt,BU03633405,4.9666008048458705,52.3732372511115
Zeeburgereiland Noordoost,Amsterdam,Buurt,BU03633406,4.97330970739501,52.36978771718929
IJburg West,Amsterdam,Wijk,WK036335,4.99113571349889,52.358268293657204
Steigereiland Noord,Amsterdam,Buurt,BU03633500,4.9859200321756605,52.3631873650189
Steigereiland Zuid,Amsterdam,Buurt,BU03633501,4.9796467004353495,52.36149412276939
Haveneiland Zuidwest/Rieteiland West,Amsterdam,Buurt,BU03633502,4.99315717375905,52.355042773361596
Haveneiland Noordwest,Amsterdam,Buurt,BU03633504,4.9919583851807,52.359449925626706
Haveneiland Noordoost,Amsterdam,Buurt,BU03633505,4.99875920717323,52.355954511638004
Sloterdijk,Amsterdam,Wijk,WK036336,4.852500385036531,52.389898302401704
Woon- en Groengebied Sloterdijk,Amsterdam,Buurt,BU03633600,4.85431783960872,52.387105124247704
Bedrijventerrein Sloterdijk I,Amsterdam,Buurt,BU03633601,4.85110115071887,52.3920782313593
Landlust,Amsterdam,Wijk,WK036337,4.854571379680969,52.3807313806271
Bedrijventerrein Landlust,Amsterdam,Buurt,BU03633700,4.85953190340356,52.3830668395111
Bosleeuw,Amsterdam,Buurt,BU03633702,4.848227792602549,52.3811913018597
Landlust Zuid,Amsterdam,Buurt,BU03633703,4.86071251215293,52.37739637318111
Erasmusparkbuurt Oost,Amsterdam,Buurt,BU03633704,4.8564213820398,52.3768255936382
Gibraltarbuurt,Amsterdam,Buurt,BU03633705,4.85294680495805,52.38365091811271
Landlust Noord,Amsterdam,Buurt,BU03633706,4.85765351338648,52.380780414796604
Erasmuspark,Amsterdam,Wijk,WK036338,4.8510431170151795,52.3761507267236
Erasmusparkbuurt West,Amsterdam,Buurt,BU03633802,4.85173781923453,52.3765900128615
Robert Scottbuurt Oost,Amsterdam,Buurt,BU03633803,4.84766482969733,52.37401696791329
De Kolenkit,Amsterdam,Wijk,WK036339,4.841542322226321,52.377790760461295
Robert Scottbuurt West,Amsterdam,Buurt,BU03633900,4.8446713997284405,52.37481844852489
Laan van Spartaan,Amsterdam,Buurt,BU03633901,4.83922709009637,52.374238090786896
Kolenkitbuurt Zuid,Amsterdam,Buurt,BU03633902,4.8403743160069,52.377113323815095
Kolenkitbuurt Noord,Amsterdam,Buurt,BU03633903,4.84176859182297,52.3815229151379
Geuzenbuurt,Amsterdam,Wijk,WK036340,4.86147268472347,52.372930499103404
Geuzenhofbuurt,Amsterdam,Buurt,BU03634000,4.864781084482121,52.3727484087395
Trompbuurt,Amsterdam,Buurt,BU03634001,4.86134155164316,52.3730833367653
Pieter van der Doesbuurt,Amsterdam,Buurt,BU03634002,4.85755130208631,52.372909404232
Van Galenbuurt,Amsterdam,Wijk,WK036341,4.84971342735697,52.3715485705502
John Franklinbuurt,Amsterdam,Buurt,BU03634100,4.8545776442643795,52.372431047576704
Jan Maijenbuurt,Amsterdam,Buurt,BU03634101,4.85130932691228,52.3717107076861
Orteliusbuurt Noord,Amsterdam,Buurt,BU03634102,4.84860757901066,52.3712413979844
Mercatorpark,Amsterdam,Buurt,BU03634103,4.84519003878429,52.37089774968571
Hoofdweg e.o.,Amsterdam,Wijk,WK036342,4.853509738731519,52.367108798106
Balboaplein e.o.,Amsterdam,Buurt,BU03634200,4.854070469377669,52.3693419544571
Columbusplein e.o.,Amsterdam,Buurt,BU03634201,4.85542401412565,52.3659920711905
Orteliusbuurt Midden,Amsterdam,Buurt,BU03634202,4.850349864297759,52.3683067265094
Orteliusbuurt Zuid,Amsterdam,Buurt,BU03634203,4.851475723454111,52.3650825193181
Westindische Buurt,Amsterdam,Wijk,WK036343,4.85337926032339,52.3610398900463
Paramariboplein e.o.,Amsterdam,Buurt,BU03634300,4.85552746517195,52.361560432099296
Postjeskade e.o.,Amsterdam,Buurt,BU03634301,4.85127120683526,52.360517088894504
Hoofddorppleinbuurt,Amsterdam,Wijk,WK036344,4.847688982115691,52.3485784970955
Surinamepleinbuurt,Amsterdam,Buurt,BU03634400,4.85223199780775,52.35647317550921
Westlandgrachtbuurt,Amsterdam,Buurt,BU03634401,4.84787655215946,52.35399995966021
Aalsmeerwegbuurt West,Amsterdam,Buurt,BU03634402,4.84722213101334,52.3496657061376
Aalsmeerwegbuurt Oost,Amsterdam,Buurt,BU03634403,4.84933614565615,52.348491358915396
Legmeerpleinbuurt,Amsterdam,Buurt,BU03634404,4.85168816161228,52.353073310982296
Bedrijventerrein Schinkel,Amsterdam,Buurt,BU03634405,4.84533959559226,52.3428665929931
Schinkelbuurt,Amsterdam,Wijk,WK036345,4.853760275211219,52.34946542829479
Schinkelbuurt Noord,Amsterdam,Buurt,BU03634500,4.854474937619889,52.3531829479183
Schinkelbuurt Zuid,Amsterdam,Buurt,BU03634501,4.85341349401395,52.3477678956458
Willemspark,Amsterdam,Wijk,WK036346,4.86232310174548,52.35409261561111
Valeriusbuurt Oost,Amsterdam,Buurt,BU03634600,4.8671527207999405,52.3528365494879
Valeriusbuurt West,Amsterdam,Buurt,BU03634601,4.86137530928401,52.351358110307395
Willemsparkbuurt Noord,Amsterdam,Buurt,BU03634602,4.86121208370616,52.3539504826118
Vondelpark West,Amsterdam,Buurt,BU03634603,4.86134797357622,52.356370548777896
Museumkwartier,Amsterdam,Wijk,WK036347,4.878003611369969,52.3562199669302
Johannnes Vermeerbuurt,Amsterdam,Buurt,BU03634700,4.88404396360991,52.3560838621946
P.C. Hooftbuurt,Amsterdam,Buurt,BU03634701,4.8810955610305395,52.360093936024505
Concertgebouwbuurt,Amsterdam,Buurt,BU03634702,4.8768992756395795,52.357311085011304
Cornelis Schuytbuurt,Amsterdam,Buurt,BU03634703,4.87180662329986,52.355619297751595
Banpleinbuurt,Amsterdam,Buurt,BU03634704,4.87445016418413,52.353013744701
Hondecoeterbuurt,Amsterdam,Buurt,BU03634705,4.879298859484,52.3536273144977
Harmoniehofbuurt,Amsterdam,Buurt,BU03634706,4.8837321057888206,52.3511654491088
Museumplein,Amsterdam,Buurt,BU03634707,4.88293479377488,52.358568512192704
Vondelpark Oost,Amsterdam,Buurt,BU03634708,4.8719178730954,52.3590858564877
Duivelseiland,Amsterdam,Buurt,BU03634709,4.88472737613239,52.3533785085472
Stadionbuurt,Amsterdam,Wijk,WK036348,4.857929762715361,52.3444894782546
Bertelmanpleinbuurt,Amsterdam,Buurt,BU03634800,4.85914843876263,52.3491932800655
Marathonbuurt Oost,Amsterdam,Buurt,BU03634801,4.86470191742379,52.3485516960768
Marathonbuurt West,Amsterdam,Buurt,BU03634802,4.8608639288230995,52.3467740369991
Olympisch Stadion e.o.,Amsterdam,Buurt,BU03634803,4.8549969716183,52.3444872806487
IJsbaanpad e.o.,Amsterdam,Buurt,BU03634804,4.85175568112006,52.3405689418338
Van Tuyllbuurt,Amsterdam,Buurt,BU03634805,4.862805399029691,52.3443466516839
Apollobuurt,Amsterdam,Wijk,WK036349,4.875915323981911,52.348029370243204
Diepenbrockbuurt,Amsterdam,Buurt,BU03634900,4.882233280978481,52.346524033714
Beethovenbuurt,Amsterdam,Buurt,BU03634901,4.88025605272412,52.3490418603168
Hiltonbuurt,Amsterdam,Buurt,BU03634902,4.87225175855116,52.3512039728518
Minervabuurt Noord,Amsterdam,Buurt,BU03634903,4.87253739310426,52.349760609903
Minervabuurt Midden,Amsterdam,Buurt,BU03634904,4.872414215765639,52.347816126936294
Minervabuurt Zuid,Amsterdam,Buurt,BU03634905,4.87201563951174,52.3455653053499
IJburg Oost,Amsterdam,Wijk,WK036350,5.01508837107726,52.3527026670751
Strandeiland,Amsterdam,Buurt,BU03635000,5.02053097286902,52.354896809580495
Middeneiland Zuidoost,Amsterdam,Buurt,BU03635001,5.02012885168912,52.3560968143622
Middeneiland Zuidwest,Amsterdam,Buurt,BU03635003,5.0181025415983305,52.354950314497096
Buiteneiland,Amsterdam,Buurt,BU03635005,5.00808986486601,52.367150540247096
Centrumeiland,Amsterdam,Buurt,BU03635006,5.01334230207954,52.351609675967
IJburg Zuid,Amsterdam,Wijk,WK036351,5.00695785989664,52.349872994676296
Rieteiland Oost,Amsterdam,Buurt,BU03635100,5.00266727134527,52.346053036537
Haveneiland Oost,Amsterdam,Buurt,BU03635101,5.00750275290999,52.3490627732319
Haveneiland Noord,Amsterdam,Buurt,BU03635102,5.00504863708423,52.352722141075894
Scheldebuurt,Amsterdam,Wijk,WK036352,4.89553115414819,52.3429419375073
Wielingenbuurt,Amsterdam,Buurt,BU03635200,4.88849386496945,52.346365857917995
Scheldebuurt West,Amsterdam,Buurt,BU03635201,4.8937462111975405,52.3442199363479
Scheldebuurt Midden,Amsterdam,Buurt,BU03635202,4.89807131188517,52.34474471829311
Scheldebuurt Oost,Amsterdam,Buurt,BU03635203,4.90321701500962,52.3447104181295
Veluwebuurt,Amsterdam,Buurt,BU03635206,4.897943477049781,52.339400268203605
Kop Zuidas,Amsterdam,Buurt,BU03635207,4.89385055994672,52.33753194938829
IJselbuurt,Amsterdam,Wijk,WK036353,4.9048894382006205,52.3478840256804
IJselbuurt West,Amsterdam,Buurt,BU03635300,4.900812166766469,52.34755197450271
IJselbuurt Oost,Amsterdam,Buurt,BU03635301,4.90830433605139,52.348162414945705
Rijnbuurt,Amsterdam,Wijk,WK036354,4.90502109875482,52.3398376286644
Kromme Mijdrechtbuurt,Amsterdam,Buurt,BU03635400,4.90952956102562,52.345204791124495
Rijnbuurt Oost,Amsterdam,Buurt,BU03635401,4.91078172634449,52.34170690756061
Rijnbuurt Midden,Amsterdam,Buurt,BU03635402,4.90467850383878,52.339492607874
Rijnbuurt West,Amsterdam,Buurt,BU03635403,4.8997661079839805,52.3416931443264
Zorgvlied,Amsterdam,Buurt,BU03635404,4.899869421109861,52.3352352280659
Frankendael,Amsterdam,Wijk,WK036355,4.92649214638585,52.347600798827706
De Eenhoorn,Amsterdam,Buurt,BU03635501,4.92030219944158,52.34984854939201
Julianapark,Amsterdam,Buurt,BU03635502,4.92159787500123,52.3469390698448
Don Bosco,Amsterdam,Buurt,BU03635503,4.926158865884,52.35274804567221
Frankendael,Amsterdam,Buurt,BU03635504,4.92932884894869,52.3501259455188
Tuindorp Amstelstation,Amsterdam,Buurt,BU03635505,4.92213923364529,52.34460621276361
De Wetbuurt,Amsterdam,Buurt,BU03635506,4.92712069021139,52.3430555318439
Tuindorp Frankendael,Amsterdam,Buurt,BU03635507,4.93382243749353,52.34705175495029
Van der Kunbuurt,Amsterdam,Buurt,BU03635508,4.91472127367729,52.3474389035114
Middenmeer,Amsterdam,Wijk,WK036356,4.9495449700524805,52.351742332861996
Linnaeusparkbuurt,Amsterdam,Buurt,BU03635600,4.93302151541076,52.354363973611
Middenmeer Noord,Amsterdam,Buurt,BU03635601,4.93725330742154,52.3550502501193
Middenmeer Zuid,Amsterdam,Buurt,BU03635602,4.94167140466504,52.35184516398189
Sportpark Middenmeer Zuid,Amsterdam,Buurt,BU03635603,4.9449993251602695,52.3472929171675
Sportpark Middenmeer Noord,Amsterdam,Buurt,BU03635604,4.949673608283559,52.3499519392099
Park de Meer,Amsterdam,Buurt,BU03635605,4.951079159912259,52.3436329789934
Sportpark Voorland,Amsterdam,Buurt,BU03635606,4.95544181395583,52.346934939236604
Science Park Noord,Amsterdam,Buurt,BU03635607,4.947283544275789,52.356337622306796
Science Park Zuid,Amsterdam,Buurt,BU03635608,4.9592363459103295,52.3538471081084
Betondorp,Amsterdam,Wijk,WK036357,4.94023212852629,52.341271878491796
Betondorp,Amsterdam,Buurt,BU03635700,4.94510784795866,52.3401911322771
Nieuwe Oosterbegraafplaats,Amsterdam,Buurt,BU03635701,4.93901430234451,52.343678563324396
Drieburg,Amsterdam,Buurt,BU03635702,4.934004853345071,52.33966770119821
Omval/Overamstel,Amsterdam,Wijk,WK036358,4.912722827291639,52.332144549563395
Weespertrekvaart,Amsterdam,Buurt,BU03635801,4.92921160969878,52.3379331692412
Amstelglorie,Amsterdam,Buurt,BU03635804,4.90766995244894,52.332500711452
Overamstel,Amsterdam,Buurt,BU03635805,4.904854855866719,52.325040553102795
Amstelkwartier Noord,Amsterdam,Buurt,BU03635806,4.91701290427091,52.3387530054939
De Omval,Amsterdam,Buurt,BU03635807,4.9164759319389,52.3441006833691
Amstelkwartier Zuid,Amsterdam,Buurt,BU03635808,4.920199827290269,52.3347171593955
Amstelkwartier West,Amsterdam,Buurt,BU03635809,4.9129130952908,52.334816427050505
Prinses Irenebuurt e.o.,Amsterdam,Wijk,WK036359,4.87568719091147,52.343151247860696
Prinses Irenebuurt,Amsterdam,Buurt,BU03635900,4.8719363758353404,52.3429725990798
Beatrixpark,Amsterdam,Buurt,BU03635901,4.88169522759732,52.3434059243857
Volewijck,Amsterdam,Wijk,WK036360,4.9132577604090395,52.392592700631894
Van der Pekbuurt,Amsterdam,Buurt,BU03636000,4.90981102619251,52.38804368940129
Bloemenbuurt Zuid,Amsterdam,Buurt,BU03636001,4.91528334254499,52.394265467216904
Bloemenbuurt Noord,Amsterdam,Buurt,BU03636002,4.91667992151416,52.3981413049564
IJplein/Vogelbuurt,Amsterdam,Wijk,WK036361,4.92098579502691,52.3869239722786
IJplein e.o.,Amsterdam,Buurt,BU03636100,4.91197070891046,52.3818929027742
Vogelbuurt Zuid,Amsterdam,Buurt,BU03636101,4.9162905422792695,52.386050365406
Vogelbuurt Noord,Amsterdam,Buurt,BU03636102,4.922997990438599,52.39128763627011
Vliegenbos,Amsterdam,Buurt,BU03636103,4.9324900300452805,52.3892412439034
Tuindorp Nieuwendam,Amsterdam,Wijk,WK036362,4.94555849737498,52.39081912665811
Tuindorp Nieuwendam West,Amsterdam,Buurt,BU03636200,4.93965156487626,52.393008476277195
Tuindorp Nieuwendam Oost,Amsterdam,Buurt,BU03636201,4.947566087424,52.3900740149741
Tuindorp Buiksloot,Amsterdam,Wijk,WK036363,4.92820790788729,52.392988453658106
Blauwe Zand,Amsterdam,Buurt,BU03636300,4.92822549377206,52.3929907198116
Nieuwendammerdijk/Buiksloterdijk,Amsterdam,Wijk,WK036364,4.93803916852872,52.3902003886065
Buiksloterdijk West,Amsterdam,Buurt,BU03636400,4.91848459120288,52.400412720000105
Buiksloterdijk Oost,Amsterdam,Buurt,BU03636401,4.92336070048973,52.396919199696
Nieuwendammmerdijk West,Amsterdam,Buurt,BU03636402,4.93369847214616,52.3916495970768
Nieuwendammerdijk Oost,Amsterdam,Buurt,BU03636403,4.94443267002972,52.3886064699677
Nieuwendammerdijk Zuid,Amsterdam,Buurt,BU03636404,4.94313613723852,52.3874484152473
Tuindorp Oostzaan,Amsterdam,Wijk,WK036365,4.893248601461269,52.4107032960088
Tuindorp Oostzaan West,Amsterdam,Buurt,BU03636500,4.878876677864691,52.4165673323459
Tuindorp Oostzaan Oost,Amsterdam,Buurt,BU03636501,4.887804169055791,52.412769998076
Terrasdorp,Amsterdam,Buurt,BU03636502,4.89695594617288,52.4088937100684
De Bongerd,Amsterdam,Buurt,BU03636503,4.9030151316690995,52.4076519568206
Oostzanerwerf,Amsterdam,Wijk,WK036366,4.87687713994617,52.4217277808706
Oostzanerdijk,Amsterdam,Buurt,BU03636601,4.87739965235869,52.4189283072027
Walvisbuurt,Amsterdam,Buurt,BU03636602,4.88378943792905,52.4229261492504
Twiske West,Amsterdam,Buurt,BU03636603,4.89469347759928,52.4219591649566
Noorder IJplas,Amsterdam,Buurt,BU03636604,4.8658669462274595,52.4231596235246
Molenwijk,Amsterdam,Buurt,BU03636605,4.88933225827678,52.41866984855061
Circus/Kermisbuurt,Amsterdam,Buurt,BU03636606,4.88426828280712,52.418113415227005
Kadoelen,Amsterdam,Wijk,WK036367,4.90735232223796,52.4160632357508
Kadoelen,Amsterdam,Buurt,BU03636700,4.90806324297117,52.4152252595127
Twiske Oost,Amsterdam,Buurt,BU03636701,4.902440853620081,52.421817357261
Waterlandpleinbuurt,Amsterdam,Wijk,WK036368,4.95438314279132,52.3943096108351
Baanakkerspark Noord,Amsterdam,Buurt,BU03636800,4.95083992605948,52.400080064718296
Baanakkerspark Zuid,Amsterdam,Buurt,BU03636801,4.94574703275848,52.396261655524505
Werengouw Midden,Amsterdam,Buurt,BU03636802,4.95107002013445,52.394016304927206
Markengouw Midden,Amsterdam,Buurt,BU03636803,4.9570210966295996,52.3966358615356
Markengouw Zuid,Amsterdam,Buurt,BU03636804,4.96200192951922,52.3911205924635
Werengouw Zuid,Amsterdam,Buurt,BU03636805,4.95564491438936,52.389272157627104
Buikslotermeer,Amsterdam,Wijk,WK036369,4.9383666168769595,52.3997688531727
Rode Kruisbuurt,Amsterdam,Buurt,BU03636900,4.9298978314557305,52.3949823914781
Loenermark,Amsterdam,Buurt,BU03636902,4.931213634287531,52.39926523525471
Buikslotermeerplein,Amsterdam,Buurt,BU03636909,4.94024474672287,52.3985205722945
Plan van Gool,Amsterdam,Buurt,BU03636910,4.935762815601049,52.39619940478249
De Kleine Wereld,Amsterdam,Buurt,BU03636911,4.94147863801929,52.401313391936
Buikslotermeer Noord,Amsterdam,Buurt,BU03636912,4.94280091636479,52.403508310402295
Banne Buiksloot,Amsterdam,Wijk,WK036370,4.917565011521799,52.40729393163961
Banne Zuidwest,Amsterdam,Buurt,BU03637000,4.9103567174753895,52.40595745328421
Banne Zuidoost,Amsterdam,Buurt,BU03637001,4.918512742691219,52.4040023754296
Banne Noordwest,Amsterdam,Buurt,BU03637002,4.91847341377459,52.4115409893279
Banne Noordoost,Amsterdam,Buurt,BU03637003,4.92442556857355,52.4104396284624
Buiksloterbreek,Amsterdam,Buurt,BU03637004,4.90696141702667,52.402852131755196
Marjoleinterrein,Amsterdam,Buurt,BU03637005,4.91257105268125,52.4013994870913
Noordelijke IJ-oevers West,Amsterdam,Wijk,WK036371,4.89154972002697,52.4006244055002
Papaverweg e.o.,Amsterdam,Buurt,BU03637102,4.90494530315061,52.3980614630167
Cornelis Douwesterrein,Amsterdam,Buurt,BU03637104,4.87775902164,52.410203761145404
NDSM terrein,Amsterdam,Buurt,BU03637105,4.8912032285983695,52.40115191068979
Buiksloterham,Amsterdam,Buurt,BU03637106,4.89975266471739,52.3932438849321
Overhoeks,Amsterdam,Buurt,BU03637107,4.9007508042024295,52.3867699241463
Noordelijke IJ-oevers Oost,Amsterdam,Wijk,WK036372,4.934197443542639,52.384304189519995
Bedrijventerrein Hamerstraat,Amsterdam,Buurt,BU03637200,4.92582188142505,52.3838404939851
Zamenhofstraat e.o.,Amsterdam,Buurt,BU03637201,4.93704486259728,52.38497260811911
Bedrijventerrein Nieuwendammerdijk,Amsterdam,Buurt,BU03637202,4.9481749290742805,52.384173886123
Waterland,Amsterdam,Wijk,WK036373,4.99259878282579,52.402803454095896
Schellingwoude West,Amsterdam,Buurt,BU03637300,4.95703763479967,52.384135186609896
Schellingwoude Oost,Amsterdam,Buurt,BU03637301,4.96568511971876,52.384889216459996
Schellingwoude Noord,Amsterdam,Buurt,BU03637302,4.97238809983727,52.386135618534496
Durgerdam,Amsterdam,Buurt,BU03637303,4.99957514182781,52.3811070608638
Zwarte Gouw,Amsterdam,Buurt,BU03637304,4.9786199003760805,52.389641410920106
Ransdorp,Amsterdam,Buurt,BU03637305,5.001636412359519,52.39119278742721
Holysloot,Amsterdam,Buurt,BU03637306,5.0178237474996505,52.4071243565773
Zunderdorp,Amsterdam,Buurt,BU03637307,4.97506831462513,52.412959839737994
Noorderstrook West,Amsterdam,Buurt,BU03637308,4.9456390061955,52.407697753019
Noorderstrook Oost,Amsterdam,Buurt,BU03637309,4.96360170266753,52.396443463379605
Elzenhagen,Amsterdam,Wijk,WK036374,4.9294129202170405,52.4041076182393
Nintemanterrein,Amsterdam,Buurt,BU03637400,4.924655930008759,52.397291194812006
Elzenhagen Zuid,Amsterdam,Buurt,BU03637401,4.92686154579449,52.4011218081851
Elzenhagen Noord,Amsterdam,Buurt,BU03637402,4.931351137581481,52.406468311589606
Chassébuurt,Amsterdam,Wijk,WK036375,4.86017114587084,52.368450136264
Kortenaerkwartier,Amsterdam,Buurt,BU03637500,4.861598063750019,52.3699237312899
Filips van Almondekwartier,Amsterdam,Buurt,BU03637501,4.85801069918563,52.3699938545868
De Wester Quartier,Amsterdam,Buurt,BU03637502,4.86067999589171,52.3671898733476
Van Brakelkwartier,Amsterdam,Buurt,BU03637503,4.85861185976369,52.3662399087323
Slotermeer-Noordoost,Amsterdam,Wijk,WK036376,4.829851921117809,52.381387580051495
Buurt 3,Amsterdam,Buurt,BU03637600,4.830068109621321,52.382526753499796
Buurt 2,Amsterdam,Buurt,BU03637601,4.82935708160922,52.3788646338466
Slotermeer-Zuidwest,Amsterdam,Wijk,WK036377,4.81822807009107,52.37319713474529
Slotermeer Zuid,Amsterdam,Buurt,BU03637700,4.827684074850401,52.3761141761753
Noordoever Sloterplas,Amsterdam,Buurt,BU03637701,4.82660808447219,52.3728722350842
Buurt 4 Oost,Amsterdam,Buurt,BU03637702,4.815849016238991,52.381526075872095
Buurt 5 Noord,Amsterdam,Buurt,BU03637703,4.814292992810629,52.3776822410676
Sloterpark,Amsterdam,Buurt,BU03637704,4.81441725757184,52.3680112913286
Buurt 5 Zuid,Amsterdam,Buurt,BU03637705,4.813048213800251,52.3742409940022
Geuzenveld,Amsterdam,Wijk,WK036378,4.80195040148316,52.37899822782829
Buurt 6,Amsterdam,Buurt,BU03637800,4.8038782021505195,52.3752020259286
Buurt 7,Amsterdam,Buurt,BU03637801,4.7962798681376,52.3761330632234
Buurt 8,Amsterdam,Buurt,BU03637802,4.8037572097293895,52.378692081870604
Buurt 9,Amsterdam,Buurt,BU03637803,4.8009668990500804,52.382334556334
Eendrachtspark,Amsterdam,Buurt,BU03637804,4.80980584283802,52.3826531771696
Eendracht,Amsterdam,Wijk,WK036379,4.77876742300876,52.379161412884706
Osdorper Binnenpolder,Amsterdam,Buurt,BU03637900,4.77692293713705,52.3788293323076
Buurt 10,Amsterdam,Buurt,BU03637901,4.79084893916648,52.381338213109295
Lutkemeer/Ookmeer,Amsterdam,Wijk,WK036380,4.7752123275124,52.3663351464499
Ookmeer,Amsterdam,Buurt,BU03638000,4.79948713196105,52.3693283033597
Osdorper Bovenpolder,Amsterdam,Buurt,BU03638001,4.77610590668696,52.370486390339295
Bedrijvenpark Lutkemeer,Amsterdam,Buurt,BU03638002,4.76674678437636,52.360837423794095
Osdorp-Oost,Amsterdam,Wijk,WK036381,4.80722601533244,52.3580385257182
Wildeman,Amsterdam,Buurt,BU03638100,4.80060484795541,52.3624170836822
Meer en Oever,Amsterdam,Buurt,BU03638101,4.80668220684193,52.36391862621161
Osdorpplein e.o.,Amsterdam,Buurt,BU03638102,4.80566907763377,52.3584677500012
Calandlaan/Lelylaan,Amsterdam,Buurt,BU03638103,4.80845896093687,52.355684356774795
Osdorp Zuidoost,Amsterdam,Buurt,BU03638104,4.81225765804933,52.3535166009696
Osdorp-Midden,Amsterdam,Wijk,WK036382,4.79513254736193,52.3560204082513
Osdorp Midden Noord,Amsterdam,Buurt,BU03638200,4.79178363113569,52.36209528083221
Osdorp Midden Zuid,Amsterdam,Buurt,BU03638201,4.793601557796371,52.3588430116043
Zuidwestkwadrant Osdorp Noord,Amsterdam,Buurt,BU03638202,4.79557700054129,52.355543078528605
Zuidwestkwadrant Osdorp Zuid,Amsterdam,Buurt,BU03638203,4.79763321497098,52.3512449716615
De Punt,Amsterdam,Wijk,WK036383,4.78506584954275,52.357209739360705
De Punt,Amsterdam,Buurt,BU03638300,4.78514957610363,52.3563663870717
Bedrijvencentrum Osdorp,Amsterdam,Buurt,BU03638301,4.78468932553682,52.360671914502
Middelveldsche Akerpolder,Amsterdam,Wijk,WK036384,4.78278073378632,52.3497328523579
Middelveldsche Akerpolder,Amsterdam,Buurt,BU03638400,4.78040305108289,52.3535322907292
De Aker West,Amsterdam,Buurt,BU03638401,4.77631514063381,52.350474365531795
De Aker Oost,Amsterdam,Buurt,BU03638402,4.7891166429453795,52.347274623199795
Slotervaart Noord,Amsterdam,Wijk,WK036385,4.82552236792145,52.363413177229496
Oostoever Sloterplas,Amsterdam,Buurt,BU03638500,4.827321764910169,52.3670391700835
Emanuel van Meterenbuurt,Amsterdam,Buurt,BU03638501,4.82075772422971,52.36076487333511
Jacob Geelbuurt,Amsterdam,Buurt,BU03638502,4.830557206079111,52.3609201964656
Overtoomse Veld,Amsterdam,Wijk,WK036386,4.84128507186953,52.3646868983115
Overtoomse Veld Noord,Amsterdam,Buurt,BU03638600,4.83797843160587,52.36682292979629
Overtoomse Veld Zuid,Amsterdam,Buurt,BU03638601,4.83816267083242,52.36170585839189
Rembrandtpark Noord,Amsterdam,Buurt,BU03638602,4.84595087407078,52.36679388461221
Rembrandtpark Zuid,Amsterdam,Buurt,BU03638603,4.84579119444236,52.3611634206345
Johan Jongkindbuurt,Amsterdam,Buurt,BU03638604,4.838293032709419,52.358624112179605
Lucas/Andreasziekenhuis e.o.,Amsterdam,Buurt,BU03638605,4.83867035780656,52.3710836935744
Westlandgracht,Amsterdam,Wijk,WK036387,4.83987048326759,52.34935323125179
Koningin Wilhelminaplein,Amsterdam,Buurt,BU03638700,4.838350521144361,52.35403702523621
Andreasterrein,Amsterdam,Buurt,BU03638701,4.8450807073467805,52.3558196281874
Delflandpleinbuurt Oost,Amsterdam,Buurt,BU03638702,4.84360765954158,52.348760756257896
Delflandpleinbuurt West,Amsterdam,Buurt,BU03638703,4.837986273364151,52.349097160976804
Riekerhaven,Amsterdam,Buurt,BU03638704,4.83895392742595,52.341932625528
Schipluidenbuurt,Amsterdam,Buurt,BU03638705,4.83834465619535,52.3570117148122
Sloter-/Riekerpolder,Amsterdam,Wijk,WK036388,4.816743749660049,52.3396111089422
Riekerpolder,Amsterdam,Buurt,BU03638800,4.82903764967785,52.3412500194511
Park Haagseweg,Amsterdam,Buurt,BU03638801,4.8245104645895305,52.343516632386894
Nieuwe Meer,Amsterdam,Buurt,BU03638802,4.82457552595482,52.3341696064499
Sloterweg e.o.,Amsterdam,Buurt,BU03638803,4.80889588827653,52.3390541441874
Nieuw Sloten Noordwest,Amsterdam,Buurt,BU03638804,4.804583076924629,52.34763660770929
Nieuw Sloten Noordoost,Amsterdam,Buurt,BU03638805,4.815440333533361,52.3490434433452
Belgiëplein e.o.,Amsterdam,Buurt,BU03638806,4.8118797669089695,52.3456088176828
Nieuw Sloten Zuidwest,Amsterdam,Buurt,BU03638807,4.8059485953434,52.343620255034104
Nieuw Sloten Zuidoost,Amsterdam,Buurt,BU03638808,4.81717811248782,52.34435999971151
Dorp Sloten,Amsterdam,Buurt,BU03638809,4.79724462091316,52.341482767253396
Slotervaart Zuid,Amsterdam,Wijk,WK036389,4.8271734291119,52.3518764658146
Louis Crispijnbuurt,Amsterdam,Buurt,BU03638900,4.82315798077713,52.3548640068859
Jacques Veldmanbuurt,Amsterdam,Buurt,BU03638901,4.83074396450538,52.35485922237601
Staalmanbuurt,Amsterdam,Buurt,BU03638902,4.83088686079601,52.3487235021632
Medisch Centrum Slotervaart,Amsterdam,Buurt,BU03638903,4.82454533184523,52.3484982049214
Buitenveldert-West,Amsterdam,Wijk,WK036390,4.85609406190225,52.3294000472869
Gelderlandpleinbuurt,Amsterdam,Buurt,BU03639000,4.87408591174631,52.3320871213916
Buitenveldert Midden Zuid,Amsterdam,Buurt,BU03639002,4.87400179044605,52.3257489994322
Buitenveldert Zuidwest,Amsterdam,Buurt,BU03639003,4.86239332290206,52.3257272964987
Amsterdamse Bos,Amsterdam,Buurt,BU03639004,4.83769867248535,52.330584190304
Buitenveldert West Midden,Amsterdam,Buurt,BU03639008,4.8624201070885595,52.3310361006064
Zuiderhof,Amsterdam,Buurt,BU03639009,4.85477771440133,52.336566500425604
Buitenveldert-Oost,Amsterdam,Wijk,WK036391,4.8880290247318205,52.328602592821795
De Klenckebuurt,Amsterdam,Buurt,BU03639100,4.88429355538331,52.334004754058704
Buitenveldert Oost Midden,Amsterdam,Buurt,BU03639101,4.88472129648138,52.3312606116992
Buitenveldert Zuidoost,Amsterdam,Buurt,BU03639102,4.88487444055076,52.325544646910295
Amstelpark,Amsterdam,Buurt,BU03639103,4.89374175830799,52.329275437509004
Amstel III/Bullewijk,Amsterdam,Wijk,WK036392,4.95013710026029,52.296724888702606
Hoofdcentrum Zuidoost,Amsterdam,Buurt,BU03639200,4.94071615137596,52.313848031246
Amstel III deel A/B Noord,Amsterdam,Buurt,BU03639201,4.946710401724309,52.3060259865944
Amstel III deel C/D Noord,Amsterdam,Buurt,BU03639202,4.937760003951969,52.30461609979071
Amstel III deel A/B Zuid,Amsterdam,Buurt,BU03639203,4.9533409792930305,52.2987990188258
Amstel III deel C/D Zuid,Amsterdam,Buurt,BU03639204,4.94521501270484,52.2960080449211
AMC,Amsterdam,Buurt,BU03639205,4.95702495527195,52.29254714221229
Hoge Dijk,Amsterdam,Buurt,BU03639206,4.95841235044878,52.285326644487704
"Bijlmer Centrum (D,F,H)",Amsterdam,Wijk,WK036393,4.95398716196093,52.31512735907479
Venserpolder West,Amsterdam,Buurt,BU03639300,4.94376896963562,52.3202594913773
Venserpolder Oost,Amsterdam,Buurt,BU03639301,4.9473978739564,52.324341725412296
D-buurt,Amsterdam,Buurt,BU03639302,4.953073198975041,52.3206116784488
F-buurt,Amsterdam,Buurt,BU03639303,4.9563664580919005,52.3184421008632
Amsterdamse Poort,Amsterdam,Buurt,BU03639304,4.95181907092223,52.314372639603995
Hoptille,Amsterdam,Buurt,BU03639305,4.9519420148968,52.30955416671821
Rechte H-buurt,Amsterdam,Buurt,BU03639306,4.95665834438881,52.3111913112083
Hakfort/Huigenbos,Amsterdam,Buurt,BU03639307,4.957035684893481,52.3057879579366
Huntum,Amsterdam,Buurt,BU03639308,4.9620267449615,52.307500488014895
Vogeltjeswei,Amsterdam,Buurt,BU03639309,4.96082181946132,52.31696256141171
Nelson Mandelapark,Amsterdam,Buurt,BU03639310,4.96457153021929,52.311086670752495
"Bijlmer Oost (E,G,K)",Amsterdam,Wijk,WK036394,4.97731449341972,52.320278103154294
E-buurt,Amsterdam,Buurt,BU03639400,4.9638163727292595,52.3245928200422
G-buurt West,Amsterdam,Buurt,BU03639401,4.96656790862675,52.320663883275394
Bijlmermuseum Noord,Amsterdam,Buurt,BU03639402,4.97434361281599,52.320774971111604
Kortvoort,Amsterdam,Buurt,BU03639403,4.96977604101858,52.3159460962143
Kelbergen,Amsterdam,Buurt,BU03639404,4.9739462091138495,52.311587367923
K-buurt Midden,Amsterdam,Buurt,BU03639405,4.979785864176769,52.316319688801
K-buurt Zuidoost,Amsterdam,Buurt,BU03639406,4.984846175339441,52.3148799228127
K-buurt Zuidwest,Amsterdam,Buurt,BU03639407,4.9794696274667904,52.3130261450426
Grunder/Koningshoef,Amsterdam,Buurt,BU03639408,4.98061023912888,52.321326245551504
G-buurt Oost,Amsterdam,Buurt,BU03639409,4.98117440977112,52.3264719468031
Kantershof,Amsterdam,Buurt,BU03639410,4.98986316982858,52.3193879817132
Gooisekant,Amsterdam,Buurt,BU03639411,4.968630471437099,52.312417697603905
G-buurt Noord,Amsterdam,Buurt,BU03639412,4.97008007062963,52.3239065203934
Bijlmermuseum Zuid,Amsterdam,Buurt,BU03639413,4.97622846221881,52.3181519342126
Nellestein,Amsterdam,Wijk,WK036395,4.99243440905382,52.3071910954189
L-buurt,Amsterdam,Buurt,BU03639500,4.9800142741038,52.3064901099617
Gaasperpark,Amsterdam,Buurt,BU03639501,4.99279839132324,52.31111235482229
Gaasperplas,Amsterdam,Buurt,BU03639502,4.99928458872107,52.3051088629905
Holendrecht/Reigersbos,Amsterdam,Wijk,WK036396,4.9708589538549806,52.2968042677061
Holendrecht West,Amsterdam,Buurt,BU03639600,4.96139285606683,52.301265358524
Reigersbos Noord,Amsterdam,Buurt,BU03639601,4.966916400880531,52.2967829310728
Holendrecht Oost,Amsterdam,Buurt,BU03639602,4.9704716919254,52.3027747964252
Gaasperdam Noord,Amsterdam,Buurt,BU03639603,4.97770476614362,52.298151009842606
Gaasperdam Zuid,Amsterdam,Buurt,BU03639604,4.97848101528396,52.294494743087206
Reigersbos Midden,Amsterdam,Buurt,BU03639605,4.968883953522679,52.293406211692705
Reigersbos Zuid,Amsterdam,Buurt,BU03639606,4.9745547429353705,52.2895637985375
Gein,Amsterdam,Wijk,WK036397,4.99260569781216,52.2961605841739
Gein Noordwest,Amsterdam,Buurt,BU03639700,4.9851420772487405,52.299082212413104
Gein Zuidwest,Amsterdam,Buurt,BU03639701,4.98551872961498,52.2946133090704
Gein Noordoost,Amsterdam,Buurt,BU03639702,4.99734396166166,52.2991671438693
Gein Zuidoost,Amsterdam,Buurt,BU03639703,4.99337664065143,52.292793266208804
Driemond,Amsterdam,Wijk,WK036398,5.012155797161309,52.313198064187496
Dorp Driemond,Amsterdam,Buurt,BU03639800,5.0165391253969,52.3056284907953
Landelijk gebied Driemond,Amsterdam,Buurt,BU03639801,5.01123889414311,52.3147799125939
